t_ns,executing_client,executing_goal_id,executing_elapsed_s,queue_length,queued_goal_ids,queued_clients,queued_priorities,queued_wait_s,total_accepted,total_rejected,total_completed
1790296879062909112,,,0.000,0,,,,,0,0,0
1790296879262632056,,,0.000,0,,,,,0,0,0
1790296879463603852,,,0.000,0,,,,,0,0,0
1790296879662833315,,,0.000,0,,,,,0,0,0
1790296879862583963,,,0.000,0,,,,,0,0,0
1790296880062889926,,,0.000,0,,,,,0,0,0
1790296880262998241,,,0.000,0,,,,,0,0,0
1790296880463008981,,,0.000,0,,,,,0,0,0
1790296880735710815,,,0.000,0,,,,,0,0,0
1790296880862671426,,,0.000,0,,,,,0,0,0
1790296881063081314,,,0.000,0,,,,,0,0,0
1790296881262977462,,,0.000,0,,,,,0,0,0
1790296881462888740,,,0.000,0,,,,,0,0,0
1790296881674938555,,,0.000,0,,,,,0,0,0
1790296881862977462,,,0.000,0,,,,,0,0,0
1790296882063244943,,,0.000,0,,,,,0,0,0
1790296882262926166,,,0.000,0,,,,,0,0,0
1790296882462915980,,,0.000,0,,,,,0,0,0
1790296882662547017,,,0.000,0,,,,,0,0,0
1790296882862949387,,,0.000,0,,,,,0,0,0
1790296883062684406,,,0.000,0,,,,,0,0,0
1790296883262900054,,,0.000,0,,,,,0,0,0
1790296883462747072,,,0.000,0,,,,,0,0,0
1790296883663156980,,,0.000,0,,,,,0,0,0
1790296883863282239,,,0.000,0,,,,,0,0,0
1790296884062788683,,,0.000,0,,,,,0,0,0
1790296884262937442,,,0.000,0,,,,,0,0,0
1790296884463449998,,,0.000,0,,,,,0,0,0
1790296884662939349,,,0.000,0,,,,,0,0,0
1790296884867039608,,,0.000,0,,,,,0,0,0
1790296885063324590,,,0.000,0,,,,,0,0,0
1790296885263203664,,,0.000,0,,,,,0,0,0
1790296885463235349,,,0.000,0,,,,,0,0,0
1790296885663448441,,,0.000,0,,,,,0,0,0
1790296885863110182,,,0.000,0,,,,,0,0,0
1790296886063356052,,,0.000,0,,,,,0,0,0
1790296886263126145,,,0.000,0,,,,,0,0,0
1790296886462902145,,,0.000,0,,,,,0,0,0
1790296886663762015,,,0.000,0,,,,,0,0,0
1790296886863114404,,,0.000,0,,,,,0,0,0
1790296887063237181,,,0.000,0,,,,,0,0,0
1790296887262969274,,,0.000,0,,,,,0,0,0
1790296887462997274,,,0.000,0,,,,,0,0,0
1790296887663663607,,,0.000,0,,,,,0,0,0
1790296887863591144,,,0.000,0,,,,,0,0,0
1790296888109118625,,,0.000,0,,,,,0,0,0
1790296888263214255,,,0.000,0,,,,,0,0,0
1790296888463579792,,,0.000,0,,,,,0,0,0
1790296888663277662,,,0.000,0,,,,,0,0,0
1790296888863976310,,,0.000,0,,,,,0,0,0
1790296889063245347,,,0.000,0,,,,,0,0,0
1790296889263310013,,,0.000,0,,,,,0,0,0
1790296889463355235,,,0.000,0,,,,,0,0,0
1790296889663241698,,,0.000,0,,,,,0,0,0
1790296889863411865,,,0.000,0,,,,,0,0,0
1790296890063591031,,,0.000,0,,,,,0,0,0
1790296890265234383,,,0.000,0,,,,,0,0,0
1790296890463305679,,,0.000,0,,,,,0,0,0
1790296890663471309,,,0.000,0,,,,,0,0,0
1790296890863723031,,,0.000,0,,,,,0,0,0
1790296891063388994,,,0.000,0,,,,,0,0,0
1790296891263575123,,,0.000,0,,,,,0,0,0
1790296891463351530,,,0.000,0,,,,,0,0,0
1790296891663321456,,,0.000,0,,,,,0,0,0
1790296891863289938,,,0.000,0,,,,,0,0,0
1790296892064117863,,,0.000,0,,,,,0,0,0
1790296892264014604,,,0.000,0,,,,,0,0,0
1790296892463038160,,,0.000,0,,,,,0,0,0
1790296892663278770,,,0.000,0,,,,,0,0,0
1790296892863712974,,,0.000,0,,,,,0,0,0
1790296893063629030,,,0.000,0,,,,,0,0,0
1790296893263687955,,,0.000,0,,,,,0,0,0
1790296893463896900,,,0.000,0,,,,,0,0,0
1790296893663523214,,,0.000,0,,,,,0,0,0
1790296893863648399,,,0.000,0,,,,,0,0,0
1790296894064730455,,,0.000,0,,,,,0,0,0
1790296894263357825,,,0.000,0,,,,,0,0,0
1790296894463349029,,,0.000,0,,,,,0,0,0
1790296894663666714,,,0.000,0,,,,,0,0,0
1790296894863344954,,,0.000,0,,,,,0,0,0
1790296895063858028,,,0.000,0,,,,,0,0,0
1790296895263910343,,,0.000,0,,,,,0,0,0
1790296895463391565,,,0.000,0,,,,,0,0,0
1790296895663810917,,,0.000,0,,,,,0,0,0
1790296895863639824,,,0.000,0,,,,,0,0,0
1790296896063631676,,,0.000,0,,,,,0,0,0
1790296896263596657,,,0.000,0,,,,,0,0,0
1790296896463997305,,,0.000,0,,,,,0,0,0
1790296896663391027,,,0.000,0,,,,,0,0,0
1790296896863567490,,,0.000,0,,,,,0,0,0
1790296897063651064,,,0.000,0,,,,,0,0,0
1790296897264196212,,,0.000,0,,,,,0,0,0
1790296897463554842,,,0.000,0,,,,,0,0,0
1790296897679075638,Valentino,8a3815dcc67d432191df15b18f21fcfc,0.021,0,,,,,1,0,0
1790296897864521360,Valentino,8a3815dcc67d432191df15b18f21fcfc,0.220,1,e8b26cc97ed142ac9380f02c3733490b,Sebastian,10,0.178,2,0,0
1790296898063747212,Valentino,8a3815dcc67d432191df15b18f21fcfc,0.420,1,e8b26cc97ed142ac9380f02c3733490b,Sebastian,10,0.377,2,0,0
1790296898264647952,Valentino,8a3815dcc67d432191df15b18f21fcfc,0.620,1,e8b26cc97ed142ac9380f02c3733490b,Sebastian,10,0.578,2,0,0
1790296898463658508,Valentino,8a3815dcc67d432191df15b18f21fcfc,0.820,1,e8b26cc97ed142ac9380f02c3733490b,Sebastian,10,0.778,2,0,0
1790296898666762656,Valentino,8a3815dcc67d432191df15b18f21fcfc,1.022,1,e8b26cc97ed142ac9380f02c3733490b,Sebastian,10,0.979,3,0,0
1790296898864274878,Valentino,8a3815dcc67d432191df15b18f21fcfc,1.220,2,e8b26cc97ed142ac9380f02c3733490b|f46276d3fb4e41c684d02ada6cfebf60,Sebastian|Anahi,10|1,1.178|0.195,3,0,0
1790296899064143452,Valentino,8a3815dcc67d432191df15b18f21fcfc,1.420,2,e8b26cc97ed142ac9380f02c3733490b|f46276d3fb4e41c684d02ada6cfebf60,Sebastian|Anahi,10|1,1.378|0.395,3,0,0
1790296899263878044,Valentino,8a3815dcc67d432191df15b18f21fcfc,1.620,2,e8b26cc97ed142ac9380f02c3733490b|f46276d3fb4e41c684d02ada6cfebf60,Sebastian|Anahi,10|1,1.578|0.595,3,0,0
1790296899464358452,Valentino,8a3815dcc67d432191df15b18f21fcfc,1.820,2,e8b26cc97ed142ac9380f02c3733490b|f46276d3fb4e41c684d02ada6cfebf60,Sebastian|Anahi,10|1,1.778|0.795,3,0,0
1790296899667020507,Valentino,8a3815dcc67d432191df15b18f21fcfc,2.020,2,e8b26cc97ed142ac9380f02c3733490b|f46276d3fb4e41c684d02ada6cfebf60,Sebastian|Anahi,10|1,1.977|0.995,3,0,1
1790296899864563562,Sebastian,e8b26cc97ed142ac9380f02c3733490b,0.162,1,f46276d3fb4e41c684d02ada6cfebf60,Anahi,1,1.195,3,0,1
1790296900063921914,Sebastian,e8b26cc97ed142ac9380f02c3733490b,0.362,1,f46276d3fb4e41c684d02ada6cfebf60,Anahi,1,1.395,3,0,1
1790296900263842044,Sebastian,e8b26cc97ed142ac9380f02c3733490b,0.562,1,f46276d3fb4e41c684d02ada6cfebf60,Anahi,1,1.595,3,0,1
1790296900467653877,Sebastian,e8b26cc97ed142ac9380f02c3733490b,0.762,1,f46276d3fb4e41c684d02ada6cfebf60,Anahi,1,1.795,3,0,1
1790296900664075432,Sebastian,e8b26cc97ed142ac9380f02c3733490b,0.962,1,f46276d3fb4e41c684d02ada6cfebf60,Anahi,1,1.995,3,0,1
1790296900864377266,Sebastian,e8b26cc97ed142ac9380f02c3733490b,1.162,1,f46276d3fb4e41c684d02ada6cfebf60,Anahi,1,2.195,3,0,1
1790296901064069265,Sebastian,e8b26cc97ed142ac9380f02c3733490b,1.362,1,f46276d3fb4e41c684d02ada6cfebf60,Anahi,1,2.395,3,0,1
1790296901264243951,Sebastian,e8b26cc97ed142ac9380f02c3733490b,1.562,1,f46276d3fb4e41c684d02ada6cfebf60,Anahi,1,2.595,3,0,1
1790296901474302987,Sebastian,e8b26cc97ed142ac9380f02c3733490b,1.762,1,f46276d3fb4e41c684d02ada6cfebf60,Anahi,1,2.795,3,0,1
1790296901664184821,Sebastian,e8b26cc97ed142ac9380f02c3733490b,1.962,2,f46276d3fb4e41c684d02ada6cfebf60|9986b141f6a544b488b1f7350b9261ce,Anahi|Karen,1|2,2.995|0.126,4,0,1
1790296901865436543,Anahi,f46276d3fb4e41c684d02ada6cfebf60,0.104,1,9986b141f6a544b488b1f7350b9261ce,Karen,2,0.326,4,0,2
1790296902065030320,Anahi,f46276d3fb4e41c684d02ada6cfebf60,0.303,1,9986b141f6a544b488b1f7350b9261ce,Karen,2,0.526,4,0,2
1790296902264601487,Anahi,f46276d3fb4e41c684d02ada6cfebf60,0.503,1,9986b141f6a544b488b1f7350b9261ce,Karen,2,0.726,4,0,2
1790296902464122802,Anahi,f46276d3fb4e41c684d02ada6cfebf60,0.703,1,9986b141f6a544b488b1f7350b9261ce,Karen,2,0.926,4,0,2
1790296902664103061,Anahi,f46276d3fb4e41c684d02ada6cfebf60,0.903,1,9986b141f6a544b488b1f7350b9261ce,Karen,2,1.126,4,0,2
1790296902864501450,Anahi,f46276d3fb4e41c684d02ada6cfebf60,1.103,1,9986b141f6a544b488b1f7350b9261ce,Karen,2,1.326,4,0,2
1790296903064575672,Anahi,f46276d3fb4e41c684d02ada6cfebf60,1.304,1,9986b141f6a544b488b1f7350b9261ce,Karen,2,1.526,4,0,2
1790296903265567986,Anahi,f46276d3fb4e41c684d02ada6cfebf60,1.504,1,9986b141f6a544b488b1f7350b9261ce,Karen,2,1.726,4,0,2
1790296903464038394,Anahi,f46276d3fb4e41c684d02ada6cfebf60,1.703,1,9986b141f6a544b488b1f7350b9261ce,Karen,2,1.926,4,0,2
1790296903665243968,Anahi,f46276d3fb4e41c684d02ada6cfebf60,1.904,1,9986b141f6a544b488b1f7350b9261ce,Karen,2,2.126,4,0,2
1790296903864413356,Karen,9986b141f6a544b488b1f7350b9261ce,0.043,0,,,,,4,0,3
1790296904064010838,Karen,9986b141f6a544b488b1f7350b9261ce,0.242,0,,,,,4,0,3
1790296904264060301,Karen,9986b141f6a544b488b1f7350b9261ce,0.442,0,,,,,4,0,3
1790296904464614134,Karen,9986b141f6a544b488b1f7350b9261ce,0.642,0,,,,,4,0,3
1790296904663999467,Karen,9986b141f6a544b488b1f7350b9261ce,0.842,0,,,,,4,0,3
1790296904864043578,Karen,9986b141f6a544b488b1f7350b9261ce,1.042,0,,,,,4,0,3
1790296905064434911,Karen,9986b141f6a544b488b1f7350b9261ce,1.242,0,,,,,4,0,3
1790296905264219115,Karen,9986b141f6a544b488b1f7350b9261ce,1.443,0,,,,,4,0,3
1790296905464278207,Karen,9986b141f6a544b488b1f7350b9261ce,1.642,0,,,,,4,0,3
1790296905664070633,Karen,9986b141f6a544b488b1f7350b9261ce,1.842,0,,,,,4,0,3
1790296905879109929,,,0.000,0,,,,,4,0,4
1790296906064966281,,,0.000,0,,,,,4,0,4
1790296906264187911,,,0.000,0,,,,,4,0,4
1790296906464295633,,,0.000,0,,,,,4,0,4
1790296906664232984,,,0.000,0,,,,,4,0,4
1790296906864828206,,,0.000,0,,,,,4,0,4
1790296907064059632,,,0.000,0,,,,,4,0,4
1790296907285750540,,,0.000,0,,,,,4,0,4
1790296907464180076,,,0.000,0,,,,,4,0,4
1790296907664925817,,,0.000,0,,,,,4,0,4
1790296907864240261,,,0.000,0,,,,,4,0,4
1790296908064213150,,,0.000,0,,,,,4,0,4
1790296908264551150,,,0.000,0,,,,,4,0,4
1790296908464840391,,,0.000,0,,,,,4,0,4
1790296908664455020,,,0.000,0,,,,,4,0,4
1790296908864196205,,,0.000,0,,,,,4,0,4
1790296909065648983,,,0.000,0,,,,,4,0,4
1790296909264270298,,,0.000,0,,,,,4,0,4
1790296909465011612,,,0.000,0,,,,,4,0,4
1790296909664398371,,,0.000,0,,,,,4,0,4
1790296909866266797,,,0.000,0,,,,,4,0,4
1790296910064083593,,,0.000,0,,,,,4,0,4
1790296910264641927,,,0.000,0,,,,,4,0,4
1790296910464466408,,,0.000,0,,,,,4,0,4
1790296910665224667,,,0.000,0,,,,,4,0,4
1790296910865054704,,,0.000,0,,,,,4,0,4
1790296911064416537,,,0.000,0,,,,,4,0,4
1790296911264429074,,,0.000,0,,,,,4,0,4
1790296911465033426,,,0.000,0,,,,,4,0,4
1790296911664527037,,,0.000,0,,,,,4,0,4
1790296911864404907,,,0.000,0,,,,,4,0,4
1790296912064360722,,,0.000,0,,,,,4,0,4
1790296912265202518,,,0.000,0,,,,,4,0,4
1790296912465034074,,,0.000,0,,,,,4,0,4
1790296912664469888,,,0.000,0,,,,,4,0,4
1790296912864373055,,,0.000,0,,,,,4,0,4
1790296913064537869,,,0.000,0,,,,,4,0,4
1790296913264120555,,,0.000,0,,,,,4,0,4
1790296913464485351,,,0.000,0,,,,,4,0,4
1790296913665188443,,,0.000,0,,,,,4,0,4
1790296913864646795,,,0.000,0,,,,,4,0,4
1790296914064682110,,,0.000,0,,,,,4,0,4
1790296914264444924,,,0.000,0,,,,,4,0,4
1790296914464629535,,,0.000,0,,,,,4,0,4
1790296914664613924,,,0.000,0,,,,,4,0,4
1790296914864512091,,,0.000,0,,,,,4,0,4
1790296915066107720,,,0.000,0,,,,,4,0,4
1790296915264459183,,,0.000,0,,,,,4,0,4
1790296915464535905,,,0.000,0,,,,,4,0,4
1790296915665991609,,,0.000,0,,,,,4,0,4
1790296915865719312,,,0.000,0,,,,,4,0,4
1790296916065090386,,,0.000,0,,,,,4,0,4
1790296916264741886,,,0.000,0,,,,,4,0,4
1790296916464931812,,,0.000,0,,,,,4,0,4
1790296916664509627,,,0.000,0,,,,,4,0,4
1790296916864743015,,,0.000,0,,,,,4,0,4
1790296917066021608,,,0.000,0,,,,,4,0,4
1790296917264837460,,,0.000,0,,,,,4,0,4
1790296917464553700,,,0.000,0,,,,,4,0,4
1790296917664663589,,,0.000,0,,,,,4,0,4
1790296917864728144,,,0.000,0,,,,,4,0,4
1790296918064555978,,,0.000,0,,,,,4,0,4
1790296918265025144,,,0.000,0,,,,,4,0,4
1790296918464654477,,,0.000,0,,,,,4,0,4
