t_ns,j1,j2,j3,j4,j5,j6
1790296998582551652,0.00000,0.00000,0.00000,0.00000,0.00000,0.00000
1790296998682436392,0.00000,0.00000,0.00000,0.00000,0.00000,0.00000
1790296998782713541,0.00000,0.00000,0.00000,0.00000,0.00000,0.00000
1790296998883657003,0.00000,0.00000,0.00000,0.00000,0.00000,0.00000
1790296998982376448,0.00000,0.00000,0.00000,0.00000,0.00000,0.00000
1790296999082307781,0.00000,0.00000,0.00000,0.00000,0.00000,0.00000
1790296999182139411,0.00000,0.00000,0.00000,0.00000,0.00000,0.00000
1790296999282297763,0.00000,0.00000,0.00000,0.00000,0.00000,0.00000
1790296999381667355,0.00000,0.00000,0.00000,0.00000,0.00000,0.00000
1790296999484547781,0.00000,0.00000,0.00000,0.00000,0.00000,0.00000
1790296999582268670,0.00000,0.00000,0.00000,0.00000,0.00000,0.00000
1790296999682452484,0.00000,0.00000,0.00000,0.00000,0.00000,0.00000
1790296999782345355,0.00000,0.00000,0.00000,0.00000,0.00000,0.00000
1790296999882242429,0.00000,0.00000,0.00000,0.00000,0.00000,0.00000
1790296999982494855,0.00000,0.00000,0.00000,0.00000,0.00000,0.00000
1790297000082937929,0.00000,0.00000,0.00000,0.00000,0.00000,0.00000
1790297000182445595,0.00000,0.00000,0.00000,0.00000,0.00000,0.00000
1790297000282425743,0.00000,0.00000,0.00000,0.00000,0.00000,0.00000
1790297000383036891,0.00000,0.00000,0.00000,0.00000,0.00000,0.00000
1790297000482415317,0.00000,0.00000,0.00000,0.00000,0.00000,0.00000
1790297000582646743,0.00000,0.00000,0.00000,0.00000,0.00000,0.00000
1790297000683443076,0.00000,0.00000,0.00000,0.00000,0.00000,0.00000
1790297000783522984,0.00000,0.00000,0.00000,0.00000,0.00000,0.00000
1790297000883577058,0.00000,0.00000,0.00000,0.00000,0.00000,0.00000
1790297000983232650,0.00000,0.00000,0.00000,0.00000,0.00000,0.00000
1790297001083086261,0.00000,0.00000,0.00000,0.00000,0.00000,0.00000
1790297001181917502,0.00000,0.00000,0.00000,0.00000,0.00000,0.00000
1790297001282382465,0.00000,0.00000,0.00000,0.00000,0.00000,0.00000
1790297001383418076,0.00000,0.00000,0.00000,0.00000,0.00000,0.00000
1790297001482352613,0.00000,0.00000,0.00000,0.00000,0.00000,0.00000
1790297001581959187,0.00000,0.00000,0.00000,0.00000,0.00000,0.00000
1790297001682167613,0.00000,0.00000,0.00000,0.00000,0.00000,0.00000
1790297001782614372,0.00000,0.00000,0.00000,0.00000,0.00000,0.00000
1790297001882374594,0.00000,0.00000,0.00000,0.00000,0.00000,0.00000
1790297001982963742,0.00000,0.00000,0.00000,0.00000,0.00000,0.00000
1790297002082228742,0.00000,0.00000,0.00000,0.00000,0.00000,0.00000
1790297002182175076,0.00000,0.00000,0.00000,0.00000,0.00000,0.00000
1790297002293684724,0.00000,0.00000,0.00000,0.00000,0.00000,0.00000
1790297002382067131,0.00000,0.00000,0.00000,0.00000,0.00000,0.00000
1790297002482525724,0.00000,0.00000,0.00000,0.00000,0.00000,0.00000
1790297002582511372,0.00000,0.00000,0.00000,0.00000,0.00000,0.00000
1790297002682760168,0.00000,0.00000,0.00000,0.00000,0.00000,0.00000
1790297002782946631,0.00000,0.00000,0.00000,0.00000,0.00000,0.00000
1790297002882571353,0.00000,0.00000,0.00000,0.00000,0.00000,0.00000
1790297002982223760,0.00000,0.00000,0.00000,0.00000,0.00000,0.00000
1790297003085831260,0.00000,0.00000,0.00000,0.00000,0.00000,0.00000
1790297003183397631,0.00000,0.00000,0.00000,0.00000,0.00000,0.00000
1790297003282835445,0.00000,0.00000,0.00000,0.00000,0.00000,0.00000
1790297003382585649,0.00000,0.00000,0.00000,0.00000,0.00000,0.00000
1790297003483247704,0.00000,0.00000,0.00000,0.00000,0.00000,0.00000
1790297003583194278,0.00000,0.00000,0.00000,0.00000,0.00000,0.00000
1790297003682476575,0.00000,0.00000,0.00000,0.00000,0.00000,0.00000
1790297003782351797,0.00000,0.00000,0.00000,0.00000,0.00000,0.00000
1790297003882819649,0.00000,0.00000,0.00000,0.00000,0.00000,0.00000
1790297003983251852,0.00000,0.00000,0.00000,0.00000,0.00000,0.00000
1790297004082980111,0.00000,0.00000,0.00000,0.00000,0.00000,0.00000
1790297004182882908,0.00000,0.00000,0.00000,0.00000,0.00000,0.00000
1790297004282879574,0.00000,0.00000,0.00000,0.00000,0.00000,0.00000
1790297004382245963,0.00000,0.00000,0.00000,0.00000,0.00000,0.00000
1790297004482239519,0.00000,0.00000,0.00000,0.00000,0.00000,0.00000
1790297004583997370,0.00000,0.00000,0.00000,0.00000,0.00000,0.00000
1790297004683223222,0.00000,0.00000,0.00000,0.00000,0.00000,0.00000
1790297004783146352,0.00000,0.00000,0.00000,0.00000,0.00000,0.00000
1790297004883170648,0.00000,0.00000,0.00000,0.00000,0.00000,0.00000
1790297004982416500,0.00000,0.00000,0.00000,0.00000,0.00000,0.00000
1790297005082610000,0.00000,0.00000,0.00000,0.00000,0.00000,0.00000
1790297005183355278,0.00000,0.00000,0.00000,0.00000,0.00000,0.00000
1790297005282158240,0.00000,0.00000,0.00000,0.00000,0.00000,0.00000
1790297005382378314,0.00000,0.00000,0.00000,0.00000,0.00000,0.00000
1790297005482588370,0.00000,0.00000,0.00000,0.00000,0.00000,0.00000
1790297005582802370,0.00000,0.00000,0.00000,0.00000,0.00000,0.00000
1790297005682757036,0.00000,0.00000,0.00000,0.00000,0.00000,0.00000
1790297005782526110,0.00000,0.00000,0.00000,0.00000,0.00000,0.00000
1790297005882957018,0.00000,0.00000,0.00000,0.00000,0.00000,0.00000
1790297005982697370,0.00000,0.00000,0.00000,0.00000,0.00000,0.00000
1790297006082731888,0.00000,0.00000,0.00000,0.00000,0.00000,0.00000
1790297006182277610,0.00000,0.00000,0.00000,0.00000,0.00000,0.00000
1790297006283166203,0.00000,0.00000,0.00000,0.00000,0.00000,0.00000
1790297006383336740,0.00000,0.00000,0.00000,0.00000,0.00000,0.00000
1790297006483193147,0.00000,0.00000,0.00000,0.00000,0.00000,0.00000
1790297006582449906,0.00000,0.00000,0.00000,0.00000,0.00000,0.00000
1790297006682047499,0.00000,0.00000,0.00000,0.00000,0.00000,0.00000
1790297006782719369,0.00000,0.00000,0.00000,0.00000,0.00000,0.00000
1790297006882947665,0.00000,0.00000,0.00000,0.00000,0.00000,0.00000
1790297006983554758,0.00000,0.00000,0.00000,0.00000,0.00000,0.00000
1790297007086963610,0.00000,0.00000,0.00000,0.00000,0.00000,0.00000
1790297007182263313,0.00000,0.00000,0.00000,0.00000,0.00000,0.00000
1790297007282556795,0.00000,0.00000,0.00000,0.00000,0.00000,0.00000
1790297007403697332,0.00000,0.00000,0.00000,0.00000,0.00000,0.00000
1790297007483218554,0.00000,0.00000,0.00000,0.00000,0.00000,0.00000
1790297007582672498,0.00000,0.00000,0.00000,0.00000,0.00000,0.00000
1790297007682773609,0.00000,0.00000,0.00000,0.00000,0.00000,0.00000
1790297007782642146,0.00000,0.00000,0.00000,0.00000,0.00000,0.00000
1790297007882458683,0.00000,0.00000,0.00000,0.00000,0.00000,0.00000
1790297007982434813,0.00000,0.00000,0.00000,0.00000,0.00000,0.00000
1790297008087965054,0.00000,0.00000,0.00000,0.00000,0.00000,0.00000
1790297008182328572,0.00000,0.00000,0.00000,0.00000,0.00000,0.00000
1790297008282435239,0.00000,0.00000,0.00000,0.00000,0.00000,0.00000
1790297008382724609,0.00000,0.00000,0.00000,0.00000,0.00000,0.00000
1790297008482759053,0.00000,0.00000,0.00000,0.00000,0.00000,0.00000
1790297008588415850,0.00000,0.00000,0.00000,0.00000,0.00000,0.00000
1790297008683130424,0.00000,0.00000,0.00000,0.00000,0.00000,0.00000
1790297008783270979,0.40000,-0.40000,0.30000,0.00000,0.40000,0.00000
1790297008882583646,0.40000,-0.40000,0.30000,0.00000,0.40000,0.00000
1790297008982769460,0.40000,-0.40000,0.30000,0.00000,0.40000,0.00000
1790297009116834571,0.40000,-0.40000,0.30000,0.00000,0.40000,0.00000
1790297009182881275,0.40000,-0.40000,0.30000,0.00000,0.40000,0.00000
1790297009283354423,0.40000,-0.40000,0.30000,0.00000,0.40000,0.00000
1790297009382952905,0.40000,-0.40000,0.30000,0.00000,0.40000,0.00000
1790297009482771275,0.40000,-0.40000,0.30000,0.00000,0.40000,0.00000
1790297009585066756,0.40000,-0.40000,0.30000,0.00000,0.40000,0.00000
1790297009683522441,0.40000,-0.40000,0.30000,0.00000,0.40000,0.00000
1790297009782546219,0.40000,-0.40000,0.30000,0.00000,0.40000,0.00000
1790297009882779441,0.40000,-0.40000,0.30000,0.00000,0.40000,0.00000
1790297009983174423,0.40000,-0.40000,0.30000,0.00000,0.40000,0.00000
1790297010082922312,0.40000,-0.40000,0.30000,0.00000,0.40000,0.00000
1790297010183216256,0.40000,-0.40000,0.30000,0.00000,0.40000,0.00000
1790297010283071293,0.40000,-0.40000,0.30000,0.00000,0.40000,0.00000
1790297010384241015,0.40000,-0.40000,0.30000,0.00000,0.40000,0.00000
1790297010483096256,0.40000,-0.40000,0.30000,0.00000,0.40000,0.00000
1790297010583311330,0.40000,-0.40000,0.30000,0.00000,0.40000,0.00000
1790297010683073330,0.40000,-0.40000,0.30000,0.00000,0.40000,0.00000
1790297010793421719,0.00000,-1.00000,1.00000,0.00000,0.00000,0.00000
1790297010882767570,0.00000,-1.00000,1.00000,0.00000,0.00000,0.00000
1790297010982534496,0.00000,-1.00000,1.00000,0.00000,0.00000,0.00000
1790297011083010218,0.00000,-1.00000,1.00000,0.00000,0.00000,0.00000
1790297011183384348,0.00000,-1.00000,1.00000,0.00000,0.00000,0.00000
1790297011282801922,0.00000,-1.00000,1.00000,0.00000,0.00000,0.00000
1790297011382477107,0.00000,-1.00000,1.00000,0.00000,0.00000,0.00000
1790297011482608070,0.00000,-1.00000,1.00000,0.00000,0.00000,0.00000
1790297011582868255,0.00000,-1.00000,1.00000,0.00000,0.00000,0.00000
1790297011683389866,0.00000,-1.00000,1.00000,0.00000,0.00000,0.00000
1790297011782681607,0.00000,-1.00000,1.00000,0.00000,0.00000,0.00000
1790297011882656959,0.00000,-1.00000,1.00000,0.00000,0.00000,0.00000
1790297011982623977,0.00000,-1.00000,1.00000,0.00000,0.00000,0.00000
1790297012083068440,0.00000,-1.00000,1.00000,0.00000,0.00000,0.00000
1790297012182536162,0.00000,-1.00000,1.00000,0.00000,0.00000,0.00000
1790297012283643107,0.00000,-1.00000,1.00000,0.00000,0.00000,0.00000
1790297012383126421,0.00000,-1.00000,1.00000,0.00000,0.00000,0.00000
1790297012482748347,0.00000,-1.00000,1.00000,0.00000,0.00000,0.00000
1790297012582876069,0.00000,-1.00000,1.00000,0.00000,0.00000,0.00000
1790297012682721458,0.00000,-1.00000,1.00000,0.00000,0.00000,0.00000
1790297012782369606,0.00000,-1.00000,1.00000,0.00000,0.00000,0.00000
1790297012883291514,0.30000,-0.40000,0.40000,0.00000,0.30000,0.00000
1790297012983215884,0.30000,-0.40000,0.40000,0.00000,0.30000,0.00000
1790297013083775476,0.30000,-0.40000,0.40000,0.00000,0.30000,0.00000
1790297013183026273,0.30000,-0.40000,0.40000,0.00000,0.30000,0.00000
1790297013282753273,0.30000,-0.40000,0.40000,0.00000,0.30000,0.00000
1790297013382822476,0.30000,-0.40000,0.40000,0.00000,0.30000,0.00000
1790297013483818458,0.30000,-0.40000,0.40000,0.00000,0.30000,0.00000
1790297013583773810,0.30000,-0.40000,0.40000,0.00000,0.30000,0.00000
1790297013683588050,0.30000,-0.40000,0.40000,0.00000,0.30000,0.00000
1790297013782906606,0.30000,-0.40000,0.40000,0.00000,0.30000,0.00000
1790297013883576920,0.30000,-0.40000,0.40000,0.00000,0.30000,0.00000
1790297013983294161,0.30000,-0.40000,0.40000,0.00000,0.30000,0.00000
1790297014083609420,0.30000,-0.40000,0.40000,0.00000,0.30000,0.00000
1790297014183246013,0.30000,-0.40000,0.40000,0.00000,0.30000,0.00000
1790297014283312846,0.30000,-0.40000,0.40000,0.00000,0.30000,0.00000
1790297014383007939,0.30000,-0.40000,0.40000,0.00000,0.30000,0.00000
1790297014483300846,0.30000,-0.40000,0.40000,0.00000,0.30000,0.00000
1790297014583392087,0.30000,-0.40000,0.40000,0.00000,0.30000,0.00000
1790297014683376772,0.30000,-0.40000,0.40000,0.00000,0.30000,0.00000
1790297014783581087,0.30000,-0.40000,0.40000,0.00000,0.30000,0.00000
1790297014895867087,0.00000,-0.50000,0.50000,0.00000,0.50000,0.00000
1790297014982797179,0.00000,-0.50000,0.50000,0.00000,0.50000,0.00000
1790297015082774401,0.00000,-0.50000,0.50000,0.00000,0.50000,0.00000
1790297015183871420,0.00000,-0.50000,0.50000,0.00000,0.50000,0.00000
1790297015283277883,0.00000,-0.50000,0.50000,0.00000,0.50000,0.00000
1790297015383548864,0.00000,-0.50000,0.50000,0.00000,0.50000,0.00000
1790297015482886920,0.00000,-0.50000,0.50000,0.00000,0.50000,0.00000
1790297015583053864,0.00000,-0.50000,0.50000,0.00000,0.50000,0.00000
1790297015683229716,0.00000,-0.50000,0.50000,0.00000,0.50000,0.00000
1790297015782701938,0.00000,-0.50000,0.50000,0.00000,0.50000,0.00000
1790297015931957382,0.00000,-0.50000,0.50000,0.00000,0.50000,0.00000
1790297015983359771,0.00000,-0.50000,0.50000,0.00000,0.50000,0.00000
1790297016083428327,0.00000,-0.50000,0.50000,0.00000,0.50000,0.00000
1790297016182901752,0.00000,-0.50000,0.50000,0.00000,0.50000,0.00000
1790297016283102512,0.00000,-0.50000,0.50000,0.00000,0.50000,0.00000
1790297016383158752,0.00000,-0.50000,0.50000,0.00000,0.50000,0.00000
1790297016485083437,0.00000,-0.50000,0.50000,0.00000,0.50000,0.00000
1790297016584684456,0.00000,-0.50000,0.50000,0.00000,0.50000,0.00000
1790297016683685845,0.00000,-0.50000,0.50000,0.00000,0.50000,0.00000
1790297016782828530,0.00000,-0.50000,0.50000,0.00000,0.50000,0.00000
1790297016883070363,0.00000,-0.50000,0.50000,0.00000,0.50000,0.00000
1790297016983200289,0.00000,-0.50000,0.50000,0.00000,0.50000,0.00000
1790297017083331122,0.00000,-0.50000,0.50000,0.00000,0.50000,0.00000
1790297017183528067,0.00000,-0.50000,0.50000,0.00000,0.50000,0.00000
1790297017282468641,0.00000,-0.50000,0.50000,0.00000,0.50000,0.00000
1790297017382994807,0.00000,-0.50000,0.50000,0.00000,0.50000,0.00000
1790297017484007548,0.00000,-0.50000,0.50000,0.00000,0.50000,0.00000
1790297017583338307,0.00000,-0.50000,0.50000,0.00000,0.50000,0.00000
1790297017683536752,0.00000,-0.50000,0.50000,0.00000,0.50000,0.00000
1790297017782784270,0.00000,-0.50000,0.50000,0.00000,0.50000,0.00000
1790297017883051233,0.00000,-0.50000,0.50000,0.00000,0.50000,0.00000
1790297017982844881,0.00000,-0.50000,0.50000,0.00000,0.50000,0.00000
1790297018083348733,0.00000,-0.50000,0.50000,0.00000,0.50000,0.00000
1790297018183040677,0.00000,-0.50000,0.50000,0.00000,0.50000,0.00000
1790297018284048529,0.00000,-0.50000,0.50000,0.00000,0.50000,0.00000
1790297018384305825,0.00000,-0.50000,0.50000,0.00000,0.50000,0.00000
1790297018483849455,0.00000,-0.50000,0.50000,0.00000,0.50000,0.00000
1790297018584078936,0.00000,-0.50000,0.50000,0.00000,0.50000,0.00000
1790297018682967269,0.00000,-0.50000,0.50000,0.00000,0.50000,0.00000
1790297018783048547,0.00000,-0.50000,0.50000,0.00000,0.50000,0.00000
1790297018882891677,0.00000,-0.50000,0.50000,0.00000,0.50000,0.00000
1790297018983183084,0.00000,-0.50000,0.50000,0.00000,0.50000,0.00000
1790297019083482621,0.00000,-0.50000,0.50000,0.00000,0.50000,0.00000
1790297019182665880,0.00000,-0.50000,0.50000,0.00000,0.50000,0.00000
1790297019283549121,0.00000,-0.50000,0.50000,0.00000,0.50000,0.00000
1790297019383811232,0.00000,-0.50000,0.50000,0.00000,0.50000,0.00000
1790297019483629417,0.00000,-0.50000,0.50000,0.00000,0.50000,0.00000
1790297019584709306,0.00000,-0.50000,0.50000,0.00000,0.50000,0.00000
1790297019685150306,0.00000,-0.50000,0.50000,0.00000,0.50000,0.00000
1790297019785611547,0.00000,-0.50000,0.50000,0.00000,0.50000,0.00000
1790297019884177176,0.00000,-0.50000,0.50000,0.00000,0.50000,0.00000
1790297019983358046,0.00000,-0.50000,0.50000,0.00000,0.50000,0.00000
1790297020083148676,0.00000,-0.50000,0.50000,0.00000,0.50000,0.00000
1790297020183027120,0.00000,-0.50000,0.50000,0.00000,0.50000,0.00000
1790297020283730065,0.00000,-0.50000,0.50000,0.00000,0.50000,0.00000
1790297020383628824,0.00000,-0.50000,0.50000,0.00000,0.50000,0.00000
1790297020483094287,0.00000,-0.50000,0.50000,0.00000,0.50000,0.00000
1790297020583551120,0.00000,-0.50000,0.50000,0.00000,0.50000,0.00000
1790297020683338120,0.00000,-0.50000,0.50000,0.00000,0.50000,0.00000
1790297020783482046,0.00000,-0.50000,0.50000,0.00000,0.50000,0.00000
1790297020883872027,0.00000,-0.50000,0.50000,0.00000,0.50000,0.00000
1790297020983579472,0.00000,-0.50000,0.50000,0.00000,0.50000,0.00000
1790297021087256138,0.00000,-0.50000,0.50000,0.00000,0.50000,0.00000
1790297021184715046,0.00000,-0.50000,0.50000,0.00000,0.50000,0.00000
1790297021283336342,0.00000,-0.50000,0.50000,0.00000,0.50000,0.00000
1790297021382906879,0.00000,-0.50000,0.50000,0.00000,0.50000,0.00000
1790297021483566842,0.00000,-0.50000,0.50000,0.00000,0.50000,0.00000
1790297021583596434,0.00000,-0.50000,0.50000,0.00000,0.50000,0.00000
1790297021687814008,0.00000,-0.50000,0.50000,0.00000,0.50000,0.00000
1790297021785129731,0.00000,-0.50000,0.50000,0.00000,0.50000,0.00000
1790297021883437027,0.00000,-0.50000,0.50000,0.00000,0.50000,0.00000
1790297021983619416,0.00000,-0.50000,0.50000,0.00000,0.50000,0.00000
1790297022085022434,0.00000,-0.50000,0.50000,0.00000,0.50000,0.00000
1790297022183493767,0.00000,-0.50000,0.50000,0.00000,0.50000,0.00000
